{"cameraMode":{"drawMode":0,"name":"Shaded","section":"Shading Mode"},"sceneLighting":true,"audioPlay":false,"sceneViewState":{"showFog":true,"showMaterialUpdate":false,"showSkybox":true,"showFlares":true,"showImageEffects":true,"showParticleSystems":true},"in2DMode":false,"pivot":{"x":-12.795551300048829,"y":3.7628173828125,"z":-73.4416275024414},"rotation":{"x":0.5504240393638611,"y":0.007514794357120991,"z":-0.004954000469297171,"w":0.8348380327224731},"size":197.23683166503907,"orthographic":false}