{"cameraMode":{"drawMode":0,"name":"Shaded","section":"Shading Mode"},"sceneLighting":true,"audioPlay":false,"sceneViewState":{"showFog":true,"showMaterialUpdate":false,"showSkybox":true,"showFlares":true,"showImageEffects":true,"showParticleSystems":true},"in2DMode":false,"pivot":{"x":-32.1947135925293,"y":-19.63309097290039,"z":-42.13302230834961},"rotation":{"x":-0.46744808554649355,"y":-0.06434214115142822,"z":0.03413930907845497,"w":-0.8810157775878906},"size":241.28085327148438,"orthographic":false}