{"cameraMode":{"drawMode":0,"name":"Shaded","section":"Shading Mode"},"sceneLighting":false,"audioPlay":false,"sceneViewState":{"showFog":true,"showMaterialUpdate":false,"showSkybox":false,"showFlares":true,"showImageEffects":true,"showParticleSystems":true},"in2DMode":false,"pivot":{"x":-2.384185791015625e-7,"y":0.10000000894069672,"z":2.384185791015625e-7},"rotation":{"x":-0.22321981191635133,"y":-0.6776206493377686,"z":0.22744736075401307,"w":-0.662911593914032},"size":9.339644432067871,"orthographic":false}