{"cameraMode":{"drawMode":0,"name":"Shaded","section":"Shading Mode"},"sceneLighting":false,"audioPlay":false,"sceneViewState":{"showFog":true,"showMaterialUpdate":false,"showSkybox":false,"showFlares":true,"showImageEffects":true,"showParticleSystems":true},"in2DMode":false,"pivot":{"x":-1.6293919086456299,"y":-4.85560417175293,"z":0.6984098553657532},"rotation":{"x":-0.1130373477935791,"y":0.5670711994171143,"z":-0.07893425971269608,"w":-0.812049925327301},"size":17.500900268554689,"orthographic":false}