{"cameraMode":{"drawMode":0,"name":"Shaded","section":"Shading Mode"},"sceneLighting":true,"audioPlay":false,"sceneViewState":{"showFog":true,"showMaterialUpdate":false,"showSkybox":true,"showFlares":true,"showImageEffects":true,"showParticleSystems":true},"in2DMode":false,"pivot":{"x":6.6594390869140629,"y":-2.41876220703125,"z":-34.147552490234378},"rotation":{"x":-0.30842068791389468,"y":0.6665724515914917,"z":-0.5779522061347961,"w":-0.3557121455669403},"size":324.2958068847656,"orthographic":false}