{"cameraMode":{"drawMode":0,"name":"Shaded","section":"Shading Mode"},"sceneLighting":true,"audioPlay":false,"sceneViewState":{"showFog":true,"showMaterialUpdate":false,"showSkybox":true,"showFlares":true,"showImageEffects":true,"showParticleSystems":true},"in2DMode":false,"pivot":{"x":0.585814356803894,"y":-3.090034008026123,"z":90.90061950683594},"rotation":{"x":-0.03918420150876045,"y":-0.07726867496967316,"z":0.0030279161874204876,"w":-0.9962525367736816},"size":14.750955581665039,"orthographic":false}